player,mean_elo,std_elo
random,323.6847962214,15.202981906909121
mcts-32,811.8210601544462,16.82509987279432
mcts-128,953.2045542646724,16.553733201950834
dds,1531.5100507870727,16.5941786556115
bzero,1379.7795385724096,16.102551071869904
